F0_min;F0_max;F1_min;F1_max;F2_min;F2_max;Indice solucion equilibrada: 
250626702.246;275911234.288;11.518999999999998;15.864999999999995;5490.8706089706;278369.81420120585;3
