F0_min;F0_max;F1_min;F1_max;F2_min;F2_max;Indice solucion equilibrada: 
252358419.135;276624517.805;11.406999999999996;16.2;3658.8791608896;239143.37694902424;0
