F0_min;F0_max;F1_min;F1_max;F2_min;F2_max;Indice solucion equilibrada: 
247635931.801;276260495.684;9.709;16.186999999999998;4953.644719631;259938.60043881641;1
