ID;F0;F1;F2
0;255718499.808;10.73;4413.591147812201
1;255700225.518;10.728000000000002;4673.7713089362005
2;255700180.749;10.71;4732.095383038801
3;255454584.498;10.420000000000002;107802.68304910482
4;255717268.613;10.443000000000001;6562.379050723801
5;255600364.15;10.462;5899.1956239272
