F0_min;F0_max;F1_min;F1_max;F2_min;F2_max;Indice solucion equilibrada: 
243981752.655;274996502.98399997;11.336999999999998;15.796999999999999;3373.9933198212;255799.90163576242;6
