F0_min;F0_max;F1_min;F1_max;F2_min;F2_max;Indice solucion equilibrada: 
243514464.178;269152839.38600004;9.881;16.082;4511.6379146864;247346.8112268304;3
