F0_min;F0_max;F1_min;F1_max;F2_min;F2_max;Indice solucion equilibrada: 
255454584.498;271176959.284;10.420000000000002;16.140999999999995;4413.591147812201;287492.20755862317;0
