ID;F0;F1;F2
0;263602457.704;11.310999999999998;27492.9001004436
1;255897365.746;11.411999999999999;14865.449530483
2;256149143.056;11.426999999999998;9576.518531624999
3;255897318.097;11.416999999999998;11374.572140160199
4;256011586.635;11.482999999999999;5822.5297618844
5;263497440.528;11.250999999999998;260880.863685217
6;256148114.962;11.439999999999998;7214.731061094
7;256137549.80400002;12.343999999999998;4370.8097091832005
8;256031137.34;11.471999999999998;6487.3549023902
