F0_min;F0_max;F1_min;F1_max;F2_min;F2_max;Indice solucion equilibrada: 
246121424.28;276160629.0;11.145999999999999;16.100999999999996;3988.5847096682;313470.77347272943;2
