ID;F0;F1;F2
0;259600533.85799998;13.422999999999998;3847.9616568560004
1;259788349.81800002;13.276999999999997;5170.0399480996
2;270215684.29;11.748999999999999;8397.451128791201
3;259589976.143;13.185999999999996;6176.1204701754
4;270070911.431;11.713;18969.4009859358
5;268952138.775;10.927999999999997;218722.3064793454
6;259607487.638;13.514999999999997;2824.3332157356
7;259474417.438;13.183999999999997;7196.9549881522
