F0_min;F0_max;F1_min;F1_max;F2_min;F2_max;Indice solucion equilibrada: 
258968817.141;281375829.925;11.645999999999999;16.401999999999997;5239.7687412938;263005.136503977;3
