F0_min;F0_max;F1_min;F1_max;F2_min;F2_max;Indice solucion equilibrada: 
255787759.039;280466833.303;11.250999999999998;16.339;4370.8097091832005;268727.1870728142;7
