F0_min;F0_max;F1_min;F1_max;F2_min;F2_max;Indice solucion equilibrada: 
252204268.041;271758983.854;10.123000000000001;15.941;2759.0299753334;233552.7502501842;5
