ID;F0;F1;F2
0;257688561.775;14.624999999999996;4712.8251718836
1;257278402.15;10.178;6942.471143771001
2;256758449.188;9.881;103987.75710865321
3;257392090.09;14.685999999999996;4511.6379146864
