ID;F0;F1;F2
0;261974984.19599998;11.729999999999999;6530.1257355160005
1;261970725.20700002;11.645999999999999;163897.98725852562
2;262371281.138;11.825;5492.356889945
3;262363676.85799998;12.045;5239.7687412938
4;262092737.856;11.712;8144.038029945001
