F0_min;F0_max;F1_min;F1_max;F2_min;F2_max;Indice solucion equilibrada: 
251668213.28100002;275465042.839;10.927999999999997;16.250999999999998;2824.3332157356;254798.7520688324;6
