ID;F0;F1;F2
0;0.6587171489229433;0.4960732984293189;0.7088471886251341
1;0.658840352097251;0.8031740837696337;0.0017692413325685516
