ID;F0;F1;F2
0;0.5278859913792552;0.48069371727748655;0.4197367432307684
1;0.7209370661780504;0.7555628272251307;0.001340674417441628
2;0.7244176859737513;0.761780104712042;0.0013224122426874544
3;0.7244180331366199;0.761780104712042;0.00131091353920899
6;0.7244179342202539;0.761780104712042;0.0013087896648126603
7;0.7244173679434309;0.761780104712042;0.0013054648931677569
8;0.7244178292087811;0.761780104712042;0.0013064135442278281
