ID;F0;F1;F2
0;0.7512745714234298;0.5433573298429317;0.6243731286100069
1;0.7603665784672137;0.8892342931937173;0.002649276390804441
