ID;F0;F1;F2
0;0.47605045176489785;0.6266361256544508;0.2941159731519005
1;0.4790978080650691;0.9155759162303673;0.002057145654641372
2;0.4791007355762634;0.9160667539267023;0.0020314547135273416
