ID;F0;F1;F2
0;0.6100418903912624;0.43880890052355975;0.5719145663438464
1;0.6097349318083378;0.8018651832460739;0.0025063359876385657
