ID;F0;F1;F2
0;0.7117740952422406;0.41770287958115143;0.2891504520919982
1;0.7148869227093789;0.712205497382199;0.0014455393689147408
