ID;F0;F1;F2
0;0.8111919484375945;0.5953861256544507;0.8121598043873177
1;0.8109474247540932;0.6775196335078539;0.003275196326154371
