ID;F0;F1;F2
0;0.9301507224794399;0.6251636125654453;0.1792924183916315
1;0.9302825590379811;0.6928992146596861;0.002250433633143756
