ID;F0;F1;F2
0;0.5473625597434739;0.6326897905759163;0.7771741961151801
1;0.550575094390613;0.714659685863875;0.0010799697890697965
3;0.5505716372248946;0.7161321989528797;0.0010749993153941217
