ID;F0;F1;F2
0;0.5029673529761063;0.5507198952879585;0.6880299445850933
1;0.5030133124379887;0.7216950261780107;0.0
