ID;F0;F1;F2
0;0.8570217697051203;0.7125327225130889;0.3783021470150612
1;0.8574281060481389;0.7553992146596861;0.002433377875534412
