ID;F0;F1;F2
0;0.8166092950928284;0.32477094240837684;0.06053651332430875
1;0.6176119861688568;0.34129581151832494;0.03159043665413097
2;0.6241145700979294;0.34374999999999983;0.019466548197943478
3;0.6176107555511273;0.34211387434554963;0.023588250937652724
4;0.6205619379225544;0.35291230366492177;0.010861228688208364
5;0.8138970451250527;0.3149541884816752;0.5955349162396635
6;0.6240880177945393;0.34587696335078516;0.01405259065980925
7;0.6238151543398497;0.49378272251308897;0.0075334310685456546
8;0.6210668686493745;0.351112565445026;0.012385216399165812
