ID;F0;F1;F2
0;0.713252699193176;0.6703206806282724;0.006334899367655893
1;0.7181033707772008;0.6464332460732982;0.009365517414449347
2;0.9874072947912077;0.3964332460732988;0.016763755955546997
3;0.7129800279668184;0.6315445026178009;0.011671769477526673
4;0.9836682856394321;0.3905431937172776;0.040997980387687254
5;0.9547740493272264;0.26210732984293134;0.49889428221585974
6;0.7134322925730335;0.6853730366492143;0.003988421971107423
7;0.7099955248040929;0.6312172774869107;0.014011842326056744
