ID;F0;F1;F2
0;0.5324720067259968;0.6714659685863879;0.005901462990700108
1;0.5324746715018948;0.36011125654450216;0.00974216171624718
2;0.5324657284810277;0.40657722513088973;0.007026230381144539
3;0.5359561002165213;0.39905104712041833;0.007338772999073621
4;0.5324766610380061;0.37679973821989515;0.008575690977919605
5;0.5324663368554161;0.40674083769633496;0.006659124528462293
6;0.5324758328265149;0.38563481675392636;0.008076515061330532
7;0.5294630794855191;0.43422774869109926;0.006317963813747467
8;0.5263430981440484;0.3404777486910991;0.4511662621356568
