ID;F0;F1;F2
0;0.4077849265243567;0.32738874345549757;0.02789875094534423
1;0.9999643305261205;0.8363874345549746;0.008869471689335707
2;0.4112481163266749;0.311027486910995;0.03906839334861278
3;0.40431239462658125;0.06266361256544493;0.10863299243508193
4;0.40779191513346125;0.335569371727749;0.021450764854548717
5;1.0;0.7917212041884821;0.01729864007698754
