ID;F0;F1;F2
0;0.6638727175746931;0.8669829842931938;0.008317437764977568
1;0.6532796367848499;0.13939790575916247;0.013428485548695569
2;0.6398509534194786;0.09080497382198956;0.23588671434598882
3;0.6562158242100524;0.8769633507853404;0.007856253479232144
