ID;F0;F1;F2
0;0.774576980591923;0.39332460732984326;0.012483260561607598
1;0.7744669848443887;0.3795811518324611;0.37321974967551175
2;0.7848120336480932;0.40886780104712056;0.010104368923632746
3;0.7846156399821184;0.44486256544502645;0.009525357675374208
4;0.7776181722588983;0.3903795811518327;0.016182853662737442
