ID;F0;F1;F2
0;0.6129924643624747;0.22971204188481695;0.0076314995421266525
1;0.6125204992577988;0.22938481675392708;0.008227914063825153
2;0.6125193430210439;0.22643979057591648;0.008361611132076379
3;0.606176395617272;0.178992146596859;0.2446317209608678
4;0.6129606666249402;0.18275523560209425;0.012557195274691594
5;0.6099414069373192;0.18586387434554977;0.011036970886396442
