ID;F0;F1;F2
0;0.5258817528346829;0.14234293193717276;0.006496592627354012
1;0.5257112268313845;0.14070680628272253;0.009659442332594859
2;0.5253929141218111;0.14168848167539275;0.007816335025816223
3;0.5222313588000626;0.1303992146596858;0.13972675534674908
4;0.526367725349012;0.15625000000000014;0.0063283012328205785
5;0.7103491877175436;0.6605039267015708;0.0038387264650335453
6;0.5223944372791389;0.13907068062827233;0.012094911282776743
72;0.5258813270810835;0.14185209424083767;0.007367511401000269
