ID;F0;F1;F2
0;0.5528684341182171;0.35880235602094235;0.252675267541804
1;0.5598236471461068;0.36240183246073326;0.016307911672836337
2;0.5561036313311725;0.37385471204188514;0.011497528947751353
3;0.556579567837534;0.39659685863874344;0.010100961901542258
4;0.5561344083189633;0.3628926701570684;0.012109620355717965
5;0.5637826717343255;0.3650196335078537;0.01161629394926366
