F0_min;F0_max;F1_min;F1_max;F2_min;F2_max;Indice solucion equilibrada: 
248643028.669;266893180.495;12.704999999999998;15.577999999999998;46425.136243352004;179259.81274497102;3
