ID;F0;F1;F2
0;248653034.073;12.518999999999998;254877.54194910463
1;248643029.986;12.906999999999998;96275.8282265698
3;248643028.669;12.911;95994.45234543503
