ID;F0;F1;F2
0;246497015.813;11.239;348247.5187400942
1;246484713.13;11.675;117387.71508907323
