F0_min;F0_max;F1_min;F1_max;F2_min;F2_max;Indice solucion equilibrada: 
242555046.50599998;263704524.251;10.412999999999997;14.425999999999998;50307.986026907;158408.63824454302;1
