ID;F0;F1;F2
0;242226911.649;10.934;437324.9086124032
1;242215630.213;11.394;117879.0800589656
