F0_min;F0_max;F1_min;F1_max;F2_min;F2_max;Indice solucion equilibrada: 
249097828.709;255983141.944;13.210999999999999;15.378999999999998;18983.2582861958;172853.0912822474;1
