ID;F0;F1;F2
0;250975182.65399998;10.961999999999998;353550.3605040992
1;250962934.666;11.335999999999999;58783.6762864358
