F0_min;F0_max;F1_min;F1_max;F2_min;F2_max;Indice solucion equilibrada: 
249918563.292;266380343.641;13.186999999999998;15.682999999999996;31447.112351307802;274720.3215808546;1
