ID;F0;F1;F2
0;256275534.49;11.645999999999997;204615.45347144722
1;249097828.709;13.471999999999998;169356.5118607934
