F0_min;F0_max;F1_min;F1_max;F2_min;F2_max;Indice solucion equilibrada: 
252195618.265;275253282.39;13.369999999999997;15.341999999999997;14353.9380405696;199785.5978685882;2
