F0_min;F0_max;F1_min;F1_max;F2_min;F2_max;Indice solucion equilibrada: 
246456597.375;275459312.591;12.184;14.474999999999998;26088.2142363178;248625.39514394663;1
