F0_min;F0_max;F1_min;F1_max;F2_min;F2_max;Indice solucion equilibrada: 
248027910.797;271673008.186;12.177999999999997;14.683999999999996;79902.61158335782;336809.797179627;1
