ID;F0;F1;F2
0;258604249.07999998;12.442999999999996;140029.2575171112
1;252195629.661;13.553999999999998;99522.95839106101
2;252195618.265;13.553999999999998;39453.150481904006
