ID;F0;F1;F2
0;249929267.502;13.008999999999997;185250.58157345638
1;249918563.292;13.406999999999996;170353.65393865557
