ID;F0;F1;F2
0;242566604.393;10.155999999999999;156511.03024507262
1;242555046.50599998;10.607;154962.980040114
