ID;F0;F1;F2
0;246471048.384;11.960999999999999;331610.7982397698
1;246456597.375;12.216999999999999;27069.5362930546
