F0_min;F0_max;F1_min;F1_max;F2_min;F2_max;Indice solucion equilibrada: 
242215630.213;267857619.127;11.177;15.735;23053.0092986068;197554.183020135;1
