F0_min;F0_max;F1_min;F1_max;F2_min;F2_max;Indice solucion equilibrada: 
250962934.666;269924729.036;11.069999999999999;15.239999999999995;36984.940123112;319698.056960145;1
