ID;F0;F1;F2
0;248040190.672;11.906999999999996;205001.15599487378
1;248027910.797;12.365999999999998;299906.3569290196
