F0_min;F0_max;F1_min;F1_max;F2_min;F2_max;Indice solucion equilibrada: 
241200489.996;246551279.922;10.962;12.244;19160.4555759012;259388.2204694908;1
