F0_min;F0_max;F1_min;F1_max;F2_min;F2_max;Indice solucion equilibrada: 
246484713.13;252951170.66;11.481000000000002;13.244000000000002;23270.6385393614;212188.38599282422;1
