ID;SAT_F0;SAT_F1;SAT_F2;SAT_MEDIA
0;28.674730080682398;32.96793193717276;99.36651006323441;53.66972402702985
1;28.189662922279922;35.35667539267018;99.06344825855507;54.20326219116839
2;1.2592705208792299;60.35667539267012;98.3236244044453;53.31319010599822
3;28.701997203318165;36.84554973821991;98.83282305224733;54.79345666459513
4;1.6331714360567906;60.945680628272235;95.90020196123128;52.82635134185343
5;4.522595067277358;73.78926701570687;50.11057177841403;42.80747795379941
6;28.656770742696647;31.462696335078565;99.60115780288926;53.24020829355482
7;29.00044751959071;36.87827225130893;98.59881576739433;54.825845179431326
