ID;SAT_F0;SAT_F1;SAT_F2;SAT_MEDIA
0;59.22150734756433;67.26112565445024;97.21012490546558;74.56425263582672
1;0.003566947387945163;16.361256544502545;99.11305283106643;38.49262544098564
2;58.87518836733251;68.8972513089005;96.09316066513873;74.62186678045724
3;59.56876053734188;93.7336387434555;89.1367007564918;80.81303334576306
4;59.22080848665387;66.44306282722509;97.85492351454513;74.50626494280803
5;0.0;20.827879581151787;98.27013599230125;39.69933852448435
