ID;SAT_F0;SAT_F1;SAT_F2;SAT_MEDIA
0;57.611724655163954;9.178664921465973;99.38077975006642;55.39038977556546
1;65.13448202508553;63.972513089005204;98.3037226210444;75.8035725783784
2;65.13203051597148;64.10340314136127;98.63491505835455;75.9567829052291
3;65.46027127262646;62.49999999999998;89.76532852677103;72.57519993313248
4;65.13124513810725;51.78337696335078;99.0332291630047;71.98261708815424
