ID;SAT_F0;SAT_F1;SAT_F2;SAT_MEDIA
0;13.632931378176016;1.1452879581151598;99.518733238697;38.09898419166272
1;65.9618925135375;47.41492146596862;67.49363194929668;60.29014864293427
