ID;SAT_F0;SAT_F1;SAT_F2;SAT_MEDIA
0;16.57613156563822;27.241492146596812;96.49390229184004;46.77050866802502
1;16.29873052025127;4.139397905759079;99.52492355527008;39.98768399376014
2;16.57571595419426;25.49083769633501;98.53187902805823;46.866144226195836
3;59.023450807090114;35.63481675392666;88.60849697855554;61.08892151319077
