F0_min;F0_max;F1_min;F1_max;F2_min;F2_max;Indice solucion equilibrada: 
243566626.86900002;279724128.719;11.002999999999998;16.311999999999998;7645.454034982201;256183.92834798142;1
