F0_min;F0_max;F1_min;F1_max;F2_min;F2_max;Indice solucion equilibrada: 
239334568.977;275062754.326;11.049999999999997;16.272999999999996;6163.5724462136;309120.23549314996;2
