F0_min;F0_max;F1_min;F1_max;F2_min;F2_max;Indice solucion equilibrada: 
243419527.249;276517805.004;10.204;16.371999999999996;6200.653880850601;219010.8294208608;0
