F0_min;F0_max;F1_min;F1_max;F2_min;F2_max;Indice solucion equilibrada: 
244058409.488;277645996.421;10.353;16.278999999999996;5916.6239969984;257070.28923204402;2
