F0_min;F0_max;F1_min;F1_max;F2_min;F2_max;Indice solucion equilibrada: 
249524242.899;278140460.861;11.769999999999998;15.835999999999999;6175.5476735488;217498.33210090164;33
