F0_min;F0_max;F1_min;F1_max;F2_min;F2_max;Indice solucion equilibrada: 
241892097.285;275066172.831;10.262;16.051;6177.2230555396;301635.24904178304;1
