F0_min;F0_max;F1_min;F1_max;F2_min;F2_max;Indice solucion equilibrada: 
239141270.14200002;276556933.152;11.060999999999998;16.259;4223.4058542856;241843.258034907;0
