F0_min;F0_max;F1_min;F1_max;F2_min;F2_max;Indice solucion equilibrada: 
247029107.27899998;277749678.579;10.777999999999997;16.123999999999995;5411.440318002001;242678.6215564718;0
