F0_min;F0_max;F1_min;F1_max;F2_min;F2_max;Indice solucion equilibrada: 
243929564.001;285287063.416;10.328000000000001;16.291999999999998;6508.4769290146;253765.19749457156;0
