F0_min;F0_max;F1_min;F1_max;F2_min;F2_max;Indice solucion equilibrada: 
240248579.12199998;278800853.85899997;10.910999999999998;16.194;5636.8711731714;224579.9235284066;0
