F0_min;F0_max;F1_min;F1_max;F2_min;F2_max;Indice solucion equilibrada: 
241555631.87;279879026.625;10.392;16.177999999999997;4291.372132123601;330894.08265875484;4
