F0_min;F0_max;F1_min;F1_max;F2_min;F2_max;Indice solucion equilibrada: 
256076430.24400002;279894698.719;11.056999999999997;16.194999999999997;4195.591024531401;262239.8081919688;1
