F0_min;F0_max;F1_min;F1_max;F2_min;F2_max;Indice solucion equilibrada: 
253295753.79500002;273388316.165;11.25;16.090999999999998;4614.3470206406;272092.5086399298;0
