F0_min;F0_max;F1_min;F1_max;F2_min;F2_max;Indice solucion equilibrada: 
247789838.148;278157193.19;9.871;16.282999999999994;3500.2598300636;244260.04367223263;0
