F0_min;F0_max;F1_min;F1_max;F2_min;F2_max;Indice solucion equilibrada: 
250479996.019;279262632.73899996;11.834999999999997;16.019;3928.5895268802;254296.05262702936;0
