F0_min;F0_max;F1_min;F1_max;F2_min;F2_max;Indice solucion equilibrada: 
255181841.236;274824822.235;11.423999999999998;16.0;3460.3396464258003;308814.42982199125;1
