F0_min;F0_max;F1_min;F1_max;F2_min;F2_max;Indice solucion equilibrada: 
256897297.15;273263079.237;11.219999999999999;16.372999999999998;5175.012222515801;276385.1202325962;1
