F0_min;F0_max;F1_min;F1_max;F2_min;F2_max;Indice solucion equilibrada: 
250082572.37;273373489.987;10.900999999999996;16.241;4125.141413396799;201614.94832558482;1
