F0_min;F0_max;F1_min;F1_max;F2_min;F2_max;Indice solucion equilibrada: 
254191902.63;274524181.904;12.039999999999997;16.149999999999995;4036.3476183498;264746.9990163486;0
