F0_min;F0_max;F1_min;F1_max;F2_min;F2_max;Indice solucion equilibrada: 
246996487.34;276346515.408;10.658999999999999;16.435;4326.3571463878;301042.8554883426;0
