F0_min;F0_max;F1_min;F1_max;F2_min;F2_max;Indice solucion equilibrada: 
245271152.71600002;280209535.42;10.255999999999998;16.412999999999997;4601.7521672444;204727.488885789;0
