F0_min;F0_max;F1_min;F1_max;F2_min;F2_max;Indice solucion equilibrada: 
246052510.153;277587608.03900003;11.084;16.519;4102.6588964138;216777.87530800563;2
