ID;F0;F1;F2
0;259673925.026;10.188;232725.26777867862
1;243929851.85799998;12.067999999999996;83552.5500945812
2;243934591.453;11.596999999999998;146181.4955255186
