F0_min;F0_max;F1_min;F1_max;F2_min;F2_max;Indice solucion equilibrada: 
249740659.19599998;284597170.218;11.28;16.613999999999997;9123.279936581;294043.589961438;4
