F0_min;F0_max;F1_min;F1_max;F2_min;F2_max;Indice solucion equilibrada: 
246458691.66799998;280897436.335;11.274999999999999;16.377999999999997;12877.757611418801;276702.7721279272;1
