F0_min;F0_max;F1_min;F1_max;F2_min;F2_max;Indice solucion equilibrada: 
245426743.74400002;280136932.03499997;11.513999999999996;16.071999999999996;36189.5771050978;364872.67118244554;1
