F0_min;F0_max;F1_min;F1_max;F2_min;F2_max;Indice solucion equilibrada: 
245239646.416;279594372.63600004;11.053999999999998;16.241999999999994;59177.959009704806;401218.2661163324;5
