F0_min;F0_max;F1_min;F1_max;F2_min;F2_max;Indice solucion equilibrada: 
231983689.86;279199233.444;12.352999999999998;16.47;67914.88055038362;290899.0226084584;4
