ID;F0;F1;F2
0;246476402.768;13.144999999999996;147770.5146615796
1;246458691.66799998;13.505999999999997;176429.2942557672
2;254347027.294;11.274999999999999;243776.81119197363
