ID;F0;F1;F2
0;244377918.79299998;11.324999999999998;105545.0524454482
1;244377717.962;11.329999999999998;66170.65450415561
2;244378163.922;11.301999999999998;50489.286005399204
3;244376379.16;11.401999999999997;73305.41260354461
4;244379525.727;11.286999999999997;86100.1958594982
5;244378645.938;11.291999999999998;82327.1560655116
6;244376824.614;11.400999999999998;73667.3933848934
7;244515359.65899998;11.265999999999998;285115.81624864443
