F0_min;F0_max;F1_min;F1_max;F2_min;F2_max;Indice solucion equilibrada: 
244224281.44099998;282392334.36;11.375999999999998;16.549999999999997;42719.7431919162;406210.15386244224;1
