F0_min;F0_max;F1_min;F1_max;F2_min;F2_max;Indice solucion equilibrada: 
241545177.22100002;282578434.417;10.616;16.553999999999995;70997.2001286952;334466.21428703296;1
