F0_min;F0_max;F1_min;F1_max;F2_min;F2_max;Indice solucion equilibrada: 
246059584.97100002;280764342.769;10.724;15.966999999999997;30448.093367477803;310568.4400795032;3
