F0_min;F0_max;F1_min;F1_max;F2_min;F2_max;Indice solucion equilibrada: 
240983536.761;282385083.682;11.308999999999997;16.242999999999995;22107.3286276808;232465.143656038;1
