F0_min;F0_max;F1_min;F1_max;F2_min;F2_max;Indice solucion equilibrada: 
244376379.16;276439039.165;11.265999999999998;16.031;39968.84306069379;285115.81624864443;3
