F0_min;F0_max;F1_min;F1_max;F2_min;F2_max;Indice solucion equilibrada: 
243929851.85799998;278905966.702;10.188;16.453999999999997;41481.905860935396;281941.9126919218;1
