ID;SAT_F0;SAT_F1;SAT_F2;SAT_MEDIA
0;73.54511040447748;73.69109947643979;0.0;49.07873662697242
1;73.57424666160502;66.16492146596856;73.22700171381561;70.98872328046306
