F0_min;F0_max;F1_min;F1_max;F2_min;F2_max;Indice solucion equilibrada: 
246692495.624;273803365.26600003;11.095999999999998;16.372999999999998;6942.257955697001;288374.6730265998;0
