F0_min;F0_max;F1_min;F1_max;F2_min;F2_max;Indice solucion equilibrada: 
241483181.20700002;278248575.974;10.747;16.429999999999996;5858.5806466566;204704.16842777483;12
