F0_min;F0_max;F1_min;F1_max;F2_min;F2_max;Indice solucion equilibrada: 
248190962.981;281772551.325;10.940999999999997;15.968999999999996;8765.533554393602;249343.1713910542;12
