F0_min;F0_max;F1_min;F1_max;F2_min;F2_max;Indice solucion equilibrada: 
244890078.011;280095822.515;11.371999999999998;15.966;7249.0958105676;287124.445555915;1
