F0_min;F0_max;F1_min;F1_max;F2_min;F2_max;Indice solucion equilibrada: 
249609306.772;272097661.18799996;10.068999999999999;16.116999999999997;6548.8233868206;280873.0094208694;10
