F0_min;F0_max;F1_min;F1_max;F2_min;F2_max;Indice solucion equilibrada: 
243482098.64;279347835.983;11.694999999999999;16.307;7160.129852479201;297694.383188389;10
