F0_min;F0_max;F1_min;F1_max;F2_min;F2_max;Indice solucion equilibrada: 
244679715.425;275615681.112;11.851;15.936999999999998;7978.5725525954;361161.4885595836;11
