F0_min;F0_max;F1_min;F1_max;F2_min;F2_max;Indice solucion equilibrada: 
250410496.28;278290589.397;11.191999999999998;15.967999999999998;7419.5278520566;213964.54816127178;8
