F0_min;F0_max;F1_min;F1_max;F2_min;F2_max;Indice solucion equilibrada: 
234215189.583;277841967.881;11.498999999999999;16.096999999999998;6371.7468274974;262064.7892256948;7
