F0_min;F0_max;F1_min;F1_max;F2_min;F2_max;Indice solucion equilibrada: 
239448713.224;278160961.847;10.684;16.43;6361.516677589801;278535.6086755934;9
