F0_min;F0_max;F1_min;F1_max;F2_min;F2_max;Indice solucion equilibrada: 
241012160.05900002;280764591.40999997;9.325999999999999;15.877999999999998;5983.2075550974005;263678.7160474374;14
