ID;F0;F1;F2
0;244902582.046;11.512999999999998;8278.3390863526
1;244890078.011;13.136;95272.9314508486
2;244893864.536;11.376999999999999;9132.160250051002
3;244891222.868;12.961999999999998;13572.3578711894
4;245037272.79500002;11.550999999999998;7249.0958105676
5;244902879.28100002;11.480999999999998;8239.3785049966
6;244903167.013;11.640999999999998;8049.4123778138
7;245153660.896;11.511;7371.134695390001
8;244891090.42299998;13.059;8312.9048232162
