ID;SAT_F0;SAT_F1;SAT_F2;SAT_MEDIA
0;66.63472943209068;64.21793193717278;98.35092861992148;76.40119666306164
1;66.6670232623169;37.66361256544499;78.40903990278021;60.913225243514034
2;66.65724390745285;66.44306282722509;98.15520603340168;77.0851709226932
3;66.66406647136174;40.51047120418847;97.1373734942036;68.10397038991793
4;66.28686730748461;63.596204188481686;98.58686345576245;76.15664498390959
5;66.63396177136143;64.74149214659687;98.35985960697066;76.57843784164298
6;66.63321865377102;62.12369109947644;98.40340580065168;75.72010518463306
7;65.98627493277938;64.25065445026176;98.55888831622624;76.26527256642247
8;66.66440853345162;38.92342931937169;98.3430050690521;67.97694764062514
