ID;F0;F1;F2;SAT_F0;SAT_F1;SAT_F2;SAT_MEDIA
10_0;250416162.778;13.156;129389.7173008832;52.39495482351022;37.33638743455492;70.58840268480995;53.43991498095837
