F0_min;F0_max;F1_min;F1_max;F2_min;F2_max;Indice solucion equilibrada: 
240440291.902;275785769.146;11.674999999999999;16.262999999999998;14012.765641112801;270930.5845547402;0
