F0_min;F0_max;F1_min;F1_max;F2_min;F2_max;Indice solucion equilibrada: 
243154650.24699998;276983113.912;11.805;16.18;55043.26755333801;321900.75890989497;0
