F0_min;F0_max;F1_min;F1_max;F2_min;F2_max;Indice solucion equilibrada: 
239086475.64499998;281753788.987;10.215999999999998;16.322999999999997;19600.926109537802;246532.38632051478;0
