F0_min;F0_max;F1_min;F1_max;F2_min;F2_max;Indice solucion equilibrada: 
239179153.65899998;279502718.542;10.799;16.251999999999995;68874.8339213756;427594.73466448;0
