F0_min;F0_max;F1_min;F1_max;F2_min;F2_max;Indice solucion equilibrada: 
244315182.714;273357799.873;10.81;16.302999999999997;37500.220300821806;412499.54708191345;2
