F0_min;F0_max;F1_min;F1_max;F2_min;F2_max;Indice solucion equilibrada: 
245565364.558;284121420.555;10.730999999999998;16.137;78774.0775176806;352690.00267274806;0
