F0_min;F0_max;F1_min;F1_max;F2_min;F2_max;Indice solucion equilibrada: 
245019770.076;274302833.06;11.512999999999998;16.412;41141.4168059076;289276.5283102884;1
