F0_min;F0_max;F1_min;F1_max;F2_min;F2_max;Indice solucion equilibrada: 
242438753.552;279831690.083;10.448;16.220999999999997;38430.6008300986;291615.1409469096;2
