F0_min;F0_max;F1_min;F1_max;F2_min;F2_max;Indice solucion equilibrada: 
244006257.697;276098231.48;10.966;15.932999999999998;29353.752954826603;267748.380632031;1
