F0_min;F0_max;F1_min;F1_max;F2_min;F2_max;Indice solucion equilibrada: 
244386731.922;278719625.985;11.283;16.270999999999994;32927.013521337205;310179.990075091;1
