F0_min;F0_max;F1_min;F1_max;F2_min;F2_max;Indice solucion equilibrada: 
245652203.58200002;280745862.689;11.018999999999998;16.147;31531.7887929102;388541.01946547383;0
