ID;F0;F1;F2
0;0.2846273905748568;0.59276832460733;0.21561493242487528
1;0.5155093448231476;0.5230693717277487;0.014593988329077852
2;0.5125071621292001;0.5260143979057595;0.06416162010680486
3;0.512511587177351;0.5235602094240838;0.02469225366132473
4;0.7996622287625738;0.9247382198952886;0.006031755878469634
