ID;F0;F1;F2
0;0.7060313709761763;0.6461060209424089;0.005306546391503908
1;0.23908350669044118;0.6160013089005236;0.11321878962455527
2;0.702826461980197;0.4643324607329843;0.014037550009216105
