ID;F0;F1;F2
0;0.42388275344836046;0.9082133507853403;0.00619220249933577
1;0.3486551797491447;0.36027486910994794;0.016962773789556004
2;0.34867969484028516;0.3589659685863873;0.0136508494164545
3;0.3453972872737355;0.3750000000000003;0.10234671473228969
4;0.34868754861892753;0.48216623036649214;0.009667708369952871
