ID;F0;F1;F2
0;0.4272032112223399;0.5659358638743454;0.022998420783904565
1;0.42771035566126464;0.582133507853403;0.012950218689343686
2;0.424210567681779;0.5754253926701569;0.10719635338304839
3;0.6536652765441883;0.6233638743455501;0.006049331566927273
6;0.4272094066926476;0.56380890052356;0.01535904025400054
