ID;F0;F1;F2
0;0.8342386843436178;0.7275850785340319;0.035060977081599526
1;0.8370126947974873;0.9586060209424092;0.004750764447299248
2;0.8342428404580574;0.7450916230366499;0.014681209719417786
3;0.40976549192909884;0.6436518324607334;0.11391503021444474
