ID;F0;F1;F2
0;0.8636706862182398;0.9885471204188484;0.0048126676130299615
1;0.34038107486462504;0.5258507853403138;0.32506368050703316
