ID;F0;F1;F2
0;0.4247433704577548;0.5291230366492151;0.01395462216124329
1;0.41542188044165546;0.5512107329842937;0.16677128184361342
2;0.4217465433231177;0.5225785340314136;0.015132526588277254
3;0.4187356879624852;0.524541884816754;0.016005426364778745
4;0.6392156807010013;1.0;0.006389689752445466
5;0.42474210254623096;0.518979057591623;0.014638215567969686
