ID;F0;F1;F2
0;0.3644378543285422;0.2735602094240838;0.004258950946089568
1;0.36472013425966365;0.28615837696335084;0.0032044965944220596
2;0.3683960693779933;0.27372382198952905;0.0027570769169262157
3;0.2497359679301489;0.3740183246073298;0.012642224437177595
