ID;F0;F1;F2
0;0.2193451215309929;0.6281086387434552;0.02200216482699837
1;0.22579597514509786;0.6148560209424082;0.016771237634115397
2;0.218999771956971;0.5006544502617798;0.20301830380489988
3;0.22579682670395093;0.6155104712041882;0.005950965546181341
4;0.2193310172452866;0.625818062827225;0.02281972763822783
5;0.21930090669036717;0.5009816753926699;0.12975912075443205
6;0.22202080330643195;0.5107984293193716;0.021483424278254372
