ID;F0;F1;F2
0;0.7464172715647999;0.6690117801047124;0.11518889533921776
1;0.7467245343607458;0.8817081151832461;0.05099499803280922
2;0.7494398620221353;0.8723821989528798;0.030873561607347673
3;0.45179720099986326;0.2635798429319372;0.2557429122642378
4;0.7467195187844747;0.8821989528795813;0.07745522374553196
5;0.7499071736670844;0.8776178010471207;0.006676122717023494
17;0.7497089105592797;0.879090314136126;0.021989321960244616
