ID;F0;F1;F2
0;0.3762237638005783;0.541393979057592;0.017724400188837867
1;0.3729087058787459;0.5415575916230368;0.3125802707365612
2;0.38292562440736916;0.5652814136125659;0.011743822616066513
3;0.3792259297846329;0.5654450261780106;0.012586007443890173
4;0.7497416809571917;0.7984293193717282;0.006306128569329017
5;0.37621303669521605;0.5430301047120422;0.02710245567454604
6;0.3762295108930739;0.5651178010471207;0.013334547913360468
7;0.3792325243811852;0.5664267015706808;0.011938209004184665
