ID;F0;F1;F2
0;241209863.00800002;10.684;281065.4718570454
1;241200489.996;11.26;35599.7664089994
