ID;F0;F1;F2
0;250416162.778;13.156;129389.7173008832
1;250534155.13;14.922;1981.8322958014003
2;250534268.482;14.925;1970.6248671502
