ID;F0;F1;F2;SAT_F0;SAT_F1;SAT_F2;SAT_MEDIA
9_12;244959046.374;13.222;65657.9011607292;66.4889005518716;36.25654450261776;85.19773357153007;62.647726208673134
