ID;SAT_F0;SAT_F1;SAT_F2;SAT_MEDIA
0;49.70326470238937;44.928010471204146;31.197005541490675;41.942760238361394
1;49.69866875620112;27.830497382198928;100.0;59.17638871280002
