ID;F0;F1;F2
0;0.6223169865913215;0.28321335078533993;0.03741733431670037
1;0.622497441602456;0.30235602094240815;0.007131774894809033
4;0.6223107484294328;0.28337696335078516;0.019989701795182998
5;0.6224956622959039;0.29221204188481664;0.007256901293684122
6;0.6223260444636448;0.2863219895287952;0.01908157396248167
7;0.6222366361302144;0.2866492146596856;0.009016860656546617
8;0.6255200727368867;0.2899214659685858;0.008729818471781557
9;0.6259900471690752;0.2904123036649209;0.007371798176670359
10;0.6222372011931815;0.2876308900523558;0.008766909117516927
