F0_min;F0_max;F1_min;F1_max;F2_min;F2_max;Indice solucion equilibrada: 
243669383.274;271081289.573;11.066999999999997;15.416999999999994;4318.8575540288;89153.63005222101;0
