F0_min;F0_max;F1_min;F1_max;F2_min;F2_max;Indice solucion equilibrada: 
245928207.45700002;267748768.072;12.028999999999998;15.669999999999995;4360.2697330536;254565.751524986;0
