F0_min;F0_max;F1_min;F1_max;F2_min;F2_max;Indice solucion equilibrada: 
236550653.05900002;265537399.265;9.589;15.208999999999996;4289.497916826001;151006.02436485118;13
