F0_min;F0_max;F1_min;F1_max;F2_min;F2_max;Indice solucion equilibrada: 
243889092.84399998;274255423.269;11.621999999999998;15.682999999999998;4058.1570735006003;164606.9625369708;0
