F0_min;F0_max;F1_min;F1_max;F2_min;F2_max;Indice solucion equilibrada: 
238853264.447;266013699.761;11.578999999999999;14.812999999999995;4924.527270565601;145707.65941027738;13
