F0_min;F0_max;F1_min;F1_max;F2_min;F2_max;Indice solucion equilibrada: 
245269992.234;260609303.25300002;12.083999999999998;15.213999999999999;4081.7604765756005;207673.98777416622;0
