F0_min;F0_max;F1_min;F1_max;F2_min;F2_max;Indice solucion equilibrada: 
240427054.616;275610593.908;11.219999999999999;15.761999999999999;4987.654042807;195567.9914381092;0
