F0_min;F0_max;F1_min;F1_max;F2_min;F2_max;Indice solucion equilibrada: 
243621806.79299998;262468692.55;11.201999999999998;15.645999999999997;4168.8608763552;249318.2101869958;0
