F0_min;F0_max;F1_min;F1_max;F2_min;F2_max;Indice solucion equilibrada: 
243140340.445;256541197.16;11.458;15.104;4944.2518940518;215205.03997669322;0
