F0_min;F0_max;F1_min;F1_max;F2_min;F2_max;Indice solucion equilibrada: 
245341737.21600002;268038329.433;13.638999999999998;15.611999999999997;4496.709274701399;217805.25477235962;0
