F0_min;F0_max;F1_min;F1_max;F2_min;F2_max;Indice solucion equilibrada: 
243698138.222;277113226.896;12.223999999999998;14.901999999999997;4239.105959161201;158074.3306807952;0
