ID;F0;F1;F2
0;0.33365270567909316;0.35782068062827216;0.016490713800785272
1;0.333329767376831;0.6233638743455501;0.21590960097219786
2;0.33342756092547154;0.335569371727749;0.01844793966598313
3;0.3333593352863827;0.5948952879581153;0.028626265057963982
4;0.33713132692515396;0.3640379581151832;0.014131365442375464
5;0.3336603822863858;0.3525850785340313;0.01640140393029342
6;0.3336678134622897;0.37876308900523553;0.01596594199348322
7;0.3401372506722062;0.3574934554973823;0.014411116837737548
8;0.3333559146654838;0.6107657068062831;0.01656994930947894
