ID;F0;F1;F2
0;0.4146868680789804;0.42228403141361226;0.46744110235773406
1;0.41436971909591275;0.49738219895287955;0.6849935851347055
