ID;F0;F1;F2
0;0.23828185803964955;0.22218586387434552;0.6418043680551511
1;0.2380397838146204;0.31642670157068076;0.07911999321379441
