ID;F0;F1;F2
0;0.27332204782485575;0.13579842931937186;0.35628652765369034
1;0.2730235454289877;0.2095876963350785;0.3527379111159535
