ID;F0;F1;F2
0;0.6273788471985979;0.3795811518324602;0.46655695121787166
1;0.4420021972568638;0.6783376963350787;0.38573239985520574
