ID;F0;F1;F2
0;0.3741610580908732;0.4311191099476443;0.7576701071200131
1;0.37378783582202657;0.4730039267015711;0.059566030711039754
