ID;F0;F1;F2
0;0.6875219239052744;0.5099803664921463;0.3185051358833716
1;0.5220082577153731;0.691753926701571;0.2256519955260411
2;0.5220079633939879;0.691753926701571;0.08795315792871174
