ID;F0;F1;F2
0;0.37483171179868613;0.3129908376963354;0.7958066877761519
1;0.3745139737596219;0.3843259162303668;0.2666036202589778
