ID;F0;F1;F2
0;0.46347554024146126;0.6025850785340313;0.4221665920110123
1;0.4631990855286856;0.6677028795811517;0.3880181622010526
