ID;F0;F1;F2
0;0.49048810566512346;0.26767015706806263;0.8079624640684673
1;0.4901717802189095;0.3288612565445029;0.1322647851184409
