ID;F0;F1;F2
0;0.2645488959552252;0.26308900523560214;1.0
1;0.2642575333839498;0.3383507853403144;0.2677299828618439
