ID;F0;F1;F2
0;0.43051460748242737;0.5224149214659687;0.5817734201810181
1;0.4302562346554585;0.5858965968586389;0.21820855489020877
3;0.4302562006416586;0.5865510471204192;0.21756355313127565
