F0_min;F0_max;F1_min;F1_max;F2_min;F2_max;Indice solucion equilibrada: 
251375965.65899998;265555847.097;12.075999999999999;14.695999999999998;8013.6838509358;146803.6503464622;12
