F0_min;F0_max;F1_min;F1_max;F2_min;F2_max;Indice solucion equilibrada: 
246576461.727;274428989.582;12.877999999999998;15.851999999999999;5770.198476989201;152942.5013530624;12
