F0_min;F0_max;F1_min;F1_max;F2_min;F2_max;Indice solucion equilibrada: 
251036061.96600002;281106776.987;12.861999999999998;16.267;5495.138035048;116540.32889256219;12
