F0_min;F0_max;F1_min;F1_max;F2_min;F2_max;Indice solucion equilibrada: 
250964988.347;270994852.594;12.363;14.236999999999998;7484.1540877466;153493.49666145584;12
