F0_min;F0_max;F1_min;F1_max;F2_min;F2_max;Indice solucion equilibrada: 
253311343.99400002;259565509.921;13.348999999999997;15.273999999999997;11848.1552802448;162896.40509167142;12
