F0_min;F0_max;F1_min;F1_max;F2_min;F2_max;Indice solucion equilibrada: 
250817548.126;260137698.83499998;12.905999999999999;14.844999999999999;8456.245748815802;149480.2035533602;12
