F0_min;F0_max;F1_min;F1_max;F2_min;F2_max;Indice solucion equilibrada: 
246868692.55400002;266077918.78100002;12.806999999999999;15.341;8849.183917932602;250616.6075780486;12
