F0_min;F0_max;F1_min;F1_max;F2_min;F2_max;Indice solucion equilibrada: 
244959046.374;268497575.25699997;12.996;14.173999999999998;7175.048356757001;181156.40260333344;12
