F0_min;F0_max;F1_min;F1_max;F2_min;F2_max;Indice solucion equilibrada: 
255615932.172;260131261.92299998;13.028999999999996;14.805999999999997;5507.9308718334;244451.45883730642;12
