F0_min;F0_max;F1_min;F1_max;F2_min;F2_max;Indice solucion equilibrada: 
248323584.88;266701571.519;10.901999999999997;15.037999999999997;7593.9720748744;169980.07969839458;12
