F0_min;F0_max;F1_min;F1_max;F2_min;F2_max;Indice solucion equilibrada: 
251858551.63300002;268559301.432;11.962;14.974999999999998;8169.365523092001;243111.20187705482;12
