ID;F0;F1;F2;SAT_F0;SAT_F1;SAT_F2;SAT_MEDIA
4_4;231983689.86;12.474999999999998;149257.16299302503;100.0;48.47840314136126;66.03416108980899;71.50418807705675
