ID;F0;F1;F2;SAT_F0;SAT_F1;SAT_F2;SAT_MEDIA
5_13;236550351.636;9.85;5036.9180281294;88.2058071578701;91.42670157068063;99.09396397731072;92.90882423528716
