ID;F0;F1;F2;SAT_F0;SAT_F1;SAT_F2;SAT_MEDIA
10_7;234215189.583;11.864;10464.2273381184;94.23676651541417;58.47513089005232;97.84985448324203;83.52058396290283
