ID;SAT_F0;SAT_F1;SAT_F2;SAT_MEDIA
0;99.38757461174623;50.47447643979057;44.57890348806266;64.81365151319982
1;99.9984411271488;49.60732984293198;61.84007951720469;70.48195016242849
2;99.99871978204045;49.345549738219944;68.1972878539445;72.5138524580683
3;99.98660305928378;50.13089005235607;45.79263547687395;65.30337619617127
4;100.0;48.47840314136126;66.03416108980899;71.50418807705675
