ID;SAT_F0;SAT_F1;SAT_F2;SAT_MEDIA
0;62.57006556936274;37.51636125654453;66.37494750861296;55.48712477817341
1;62.61580754437477;31.609947643979062;59.805456487357134;51.343737225236985
2;42.24281822744326;68.11191099476437;44.36729358993856;51.574007604048724
