ID;SAT_F0;SAT_F1;SAT_F2;SAT_MEDIA
0;28.485184712367605;85.89659685863873;46.90065391625844;53.76081182908826
1;69.14697316358993;55.137434554973865;81.09571886036252;68.46004219297544
2;69.13473234082583;62.84358638743457;66.73920052617947;66.23917308481329
