F0_min;F0_max;F1_min;F1_max;F2_min;F2_max;Indice solucion equilibrada: 
242727350.614;282498296.897;11.971999999999998;16.428999999999995;5158.4851920010005;289973.4694758672;1
