F0_min;F0_max;F1_min;F1_max;F2_min;F2_max;Indice solucion equilibrada: 
246350495.984;277254120.55;13.053999999999998;16.049999999999997;4471.476284648401;269273.72800003283;1
