F0_min;F0_max;F1_min;F1_max;F2_min;F2_max;Indice solucion equilibrada: 
249038040.01700002;277965933.06700003;12.333999999999998;15.633999999999997;3857.1408293928;299917.79837750323;0
