F0_min;F0_max;F1_min;F1_max;F2_min;F2_max;Indice solucion equilibrada: 
244932090.088;275397662.501;13.239;15.705999999999996;3920.8773118030003;208782.53551099583;0
