F0_min;F0_max;F1_min;F1_max;F2_min;F2_max;Indice solucion equilibrada: 
248332078.762;273727050.355;13.068999999999999;15.908999999999995;3324.1377576904006;451616.7529697366;1
