F0_min;F0_max;F1_min;F1_max;F2_min;F2_max;Indice solucion equilibrada: 
242732696.23299998;276879926.77;10.818;15.349999999999996;6457.1605689318;260581.77845875415;1
