F0_min;F0_max;F1_min;F1_max;F2_min;F2_max;Indice solucion equilibrada: 
245299622.273;276333083.995;12.080999999999998;16.205;4336.1526819782;227306.9615028638;2
