F0_min;F0_max;F1_min;F1_max;F2_min;F2_max;Indice solucion equilibrada: 
238908024.33499998;274962184.839;12.552999999999997;15.775999999999998;6212.1871892742;207712.15366361084;0
