F0_min;F0_max;F1_min;F1_max;F2_min;F2_max;Indice solucion equilibrada: 
243492293.25800002;282105784.39100003;11.317999999999998;16.279;4151.496594379201;243590.7026201238;1
