F0_min;F0_max;F1_min;F1_max;F2_min;F2_max;Indice solucion equilibrada: 
239011659.857;279195284.068;12.354999999999997;16.541999999999998;4538.3490500772;182519.2041969262;2
