F0_min;F0_max;F1_min;F1_max;F2_min;F2_max;Indice solucion equilibrada: 
241285436.54000002;278912623.357;12.753999999999998;15.652;4580.6189430568;268602.7734472638;0
