F0_min;F0_max;F1_min;F1_max;F2_min;F2_max;Indice solucion equilibrada: 
259849213.561;269073634.208;13.153999999999998;15.387999999999998;2240.1436962392;102715.69894608302;1
