F0_min;F0_max;F1_min;F1_max;F2_min;F2_max;Indice solucion equilibrada: 
258394704.81800002;270206122.88600004;12.956999999999999;15.963999999999997;1653.918714695;116378.43644993882;7
