ID;F0;F1;F2
0;255604254.82700002;12.007999999999997;250576.7107544712
1;255592369.51999998;14.226999999999999;2177.7873052162004
