ID;F0;F1;F2
0;253177337.553;13.192999999999998;340119.2715124992
1;253301725.541;13.693999999999999;1555.5486207714
3;253301591.681;13.702999999999998;1553.3802989168
