ID;F0;F1;F2
0;265167211.694;13.680999999999997;166115.13474670943
1;265182944.866;13.942999999999998;2145.9600228950003
