F0_min;F0_max;F1_min;F1_max;F2_min;F2_max;Indice solucion equilibrada: 
263380712.89499998;270286394.119;13.311;15.900999999999998;2513.1953133700003;131586.28766806782;1
