F0_min;F0_max;F1_min;F1_max;F2_min;F2_max;Indice solucion equilibrada: 
250533851.857;266045434.124;13.541;15.316;1970.6248671502;81802.595988219;2
