F0_min;F0_max;F1_min;F1_max;F2_min;F2_max;Indice solucion equilibrada: 
263690669.59600002;274607517.869;13.396999999999998;16.154999999999998;2066.1523375852003;179606.8866594382;1
