ID;F0;F1;F2
0;259543282.936;11.878999999999996;127223.55597779741
1;259663810.30400002;13.678999999999997;1715.0248721464002
