ID;F0;F1;F2
0;263392700.324;12.965;355381.41028695955
1;263383232.47;13.466999999999999;2513.1953133700003
