ID;F0;F1;F2
0;267998733.93400002;13.146999999999998;79299.0339062566
1;268003838.59;13.560999999999998;2066.1523375852003
