F0_min;F0_max;F1_min;F1_max;F2_min;F2_max;Indice solucion equilibrada: 
251459420.66;272125461.46500003;13.565999999999999;14.957999999999997;1084.4220745414;185530.13062988583;1
