F0_min;F0_max;F1_min;F1_max;F2_min;F2_max;Indice solucion equilibrada: 
265171665.788;271127562.131;13.822;15.506999999999998;2145.9600228950003;111691.44697380101;1
