ID;F0;F1;F2
0;257488940.329;12.357999999999997;310312.2645213654
1;257493710.704;14.234999999999998;1856.2367742640001
