F0_min;F0_max;F1_min;F1_max;F2_min;F2_max;Indice solucion equilibrada: 
257493580.761;263721978.152;12.564999999999998;15.482999999999997;1856.2367742640001;151678.8987321152;1
