ID;F0;F1;F2
0;251458373.852;12.692;301230.9398529606
1;251460153.38300002;13.736999999999998;1084.4220745414
