F0_min;F0_max;F1_min;F1_max;F2_min;F2_max;Indice solucion equilibrada: 
253291567.391;269544213.088;13.611999999999998;15.629999999999997;1553.3802989168;61253.5395464336;3
