F0_min;F0_max;F1_min;F1_max;F2_min;F2_max;Indice solucion equilibrada: 
255591626.012;261548647.00300002;12.335999999999999;14.293999999999999;2177.7873052162004;70600.310315874;1
