ID;F0;F1;F2
0;261072724.731;12.646999999999997;273461.2594805378
1;261424763.413;14.760999999999997;2240.1436962392
