F0_min;F0_max;F1_min;F1_max;F2_min;F2_max;Indice solucion equilibrada: 
259548070.74;264366490.913;12.490999999999996;15.055999999999997;1715.0248721464002;61859.6729060902;1
