;minimos;maximos
F0;239953273.467;265428856.204
F1;10.586;14.980999999999998
F2;2683.6363556896;339993.75496412546
