ID;F0;F1;F2
0;0.3742993443063726;0.6248363874345547;0.3362505249138703
1;0.37384192455625226;0.6839005235602094;0.40194543512642866
2;0.5775718177255674;0.31888089005235626;0.5563270641006144
