ID;F0;F1;F2
0;0.32010237091249866;0.3270615183246071;0.23945652362516456
1;0.3200971841050256;0.32787958115183236;0.14919805574709147
2;0.32010870179233775;0.3232984293193716;0.11325144147658081
3;0.3200626072308445;0.33965968586387385;0.165553158768392
4;0.3201438727587269;0.3208442408376958;0.19488281443033412
5;0.32012115068813046;0.3216623036649213;0.18623382399863303
6;0.3200741118498331;0.3394960732984292;0.16638293223628253
7;0.3236520186803987;0.31740837696335067;0.651089027587199
