ID;F0;F1;F2
0;0.7151481528763239;0.1410340314136127;0.5309934608374156
1;0.3085302683641007;0.4486256544502614;0.1890428113963748
2;0.3086526765917416;0.3715641361256543;0.3326079947382052
