ID;F0;F1;F2
0;0.24728378814768745;0.21433246073298426;0.41645764038344896
1;0.24694192678310933;0.26930628272251317;0.4678175928010015
2;0.24699588312953116;0.21531413612565448;0.5014679827393882
3;0.24696508049579938;0.2375654450261782;0.32524551347399994
4;0.24729431672299748;0.21106020942408382;0.314078771945813
5;0.2469782574986886;0.21973167539267033;0.5393740094367021
6;0.24695195834887929;0.24018324607329863;0.3768277322394469
7;0.24698473153607747;0.2159685863874348;0.5011908794560644
8;0.24696849484080421;0.2215314136125655;0.501760519180731
