ID;F0;F1;F2
0;0.4616077860074505;0.5049083769633512;0.0743024090926975
1;0.465684845867668;0.442408376963351;0.4204187828440664
2;0.4616627716780891;0.4576243455497384;0.06316474164481446
3;0.5472516755306934;0.3196989528795812;0.5031388152295545
4;0.45860440495335625;0.5083442408376967;0.048464930413456314
