ID;F0;F1;F2
0;0.5799437670378969;0.3244437172774864;0.3881162464631875
1;0.23243659177451487;0.45615183246073254;0.3020551609902019
2;0.24233238496652248;0.3867801047120418;0.5303971747734946
3;0.23575636640573003;0.3938154450261775;0.28244647230596387
4;0.23882731273532232;0.3893979057591625;0.5088409210700291
7;0.24231897562639454;0.3885798429319375;0.509965309297126
16;0.5799260995935831;0.3249345549738218;0.33039875873919083
