ID;F0;F1;F2
0;0.347396089860396;0.46318717277486887;0.6109197043285864
1;0.3471900869214698;0.5173429319371727;0.28093877865693223
2;0.3472245033600205;0.4972185863874343;0.18242555578895733
3;0.34730353621898047;0.4664594240837693;0.49023178438176934
4;0.35040210877893846;0.46204188481675373;0.6712163338953997
5;0.4743814595335834;0.35798429319371683;0.47482212806538954
