ID;F0;F1;F2
0;0.006124253882537706;0.4952552356020942;0.5542109651193734
1;1.5588728512025652e-05;0.5039267015706802;0.38159920482795306
2;1.280217959543329e-05;0.5065445026178006;0.31802712146055506
3;0.00013396940716226588;0.49869109947643936;0.5420736452312606
4;0.0;0.5152159685863874;0.3396583891019101
