ID;F0;F1;F2
0;0.3226937204944539;0.4522251308900526;0.7921437715439698
1;0.3161344209172412;0.4726767015706809;0.5115052764292268
2;0.3194830771643828;0.4540248691099481;0.6177678614968746
3;0.31917956345365345;0.4615510471204189;0.5951165882857034
4;0.5085431619186572;0.3354057591623035;0.5382624403220113
11;0.3191799558649484;0.45827879581151876;0.6230588571915668
14;0.322733464754409;0.4497709424083772;0.7692786531383132
