ID;F0;F1;F2
0;0.4901124496146281;0.22873036649214673;0.5630061615681327
1;0.3709167854950733;0.47267670157068037;0.3120955101037636
2;0.36692820898404677;0.4759489528795808;0.31165766186089533
3;0.36353430472387904;0.5096531413612562;0.36984154718405343
