ID;F0;F1;F2
0;0.34273780125820746;0.2884489528795814;0.6753302236801517
1;0.3427671028683741;0.28681282722513113;0.7090048402153625
2;0.3424501402767976;0.28893979057591646;0.6785694734772326
3;0.3424440188000631;0.29221204188481664;0.6656290732684109
4;0.34243709132282246;0.2971204188481673;0.6483521552749512
5;0.3423579752501478;0.3290248691099475;0.2599084838773931
6;0.3455712260466079;0.28272251308900515;0.6561446112297558
