F0_min;F0_max;F1_min;F1_max;F2_min;F2_max;Indice solucion equilibrada: 
241653361.317;274927840.11300004;10.995;15.510999999999997;2287.1706502036004;244423.0302703034;3
