ID;F0;F1;F2
0;248396251.479;14.876999999999997;3785.7115055926
1;245483471.521;11.527999999999999;8484.270765529001
2;245484420.735;11.519999999999998;7039.475265630599
3;245357327.297;11.617999999999999;45732.202704907206
4;245484724.82999998;12.272999999999998;5301.8678775558
