F0_min;F0_max;F1_min;F1_max;F2_min;F2_max;Indice solucion equilibrada: 
241240902.50599998;280801590.91400003;11.631999999999998;16.198999999999998;3399.3524542068;225394.4279382938;1
