ID;F0;F1;F2
0;248429574.20700002;12.559999999999999;7171.993235614201
1;248068650.041;12.694999999999999;73836.8072065422
2;248313538.323;12.519999999999998;7685.8428359586
3;248196959.272;12.531999999999998;8066.637059158401
4;256733851.69599998;15.437999999999995;3871.8634409742003
5;248429525.114;12.497999999999998;7470.2043559586
