F0_min;F0_max;F1_min;F1_max;F2_min;F2_max;Indice solucion equilibrada: 
249477087.127;274393599.71500003;10.822;15.634999999999996;3996.8170968022005;267391.1352485332;3
