ID;F0;F1;F2
0;265424654.94;15.367999999999997;3183.9025355946005
1;245163101.666;12.539999999999997;142890.3602147176
