ID;F0;F1;F2
0;264285060.228;13.773;16379.439775111201
1;264392468.74400002;15.185;3156.8978684579997
2;264285221.151;13.88;7488.9601455046
3;247849637.061;13.26;50778.770279266
