F0_min;F0_max;F1_min;F1_max;F2_min;F2_max;Indice solucion equilibrada: 
240463268.759;276219894.034;11.862;15.601999999999997;3680.4741797776005;232866.22827336204;2
