F0_min;F0_max;F1_min;F1_max;F2_min;F2_max;Indice solucion equilibrada: 
247849637.061;277257761.233;12.979;15.606999999999996;3156.8978684579997;308677.4028068952;3
