ID;F0;F1;F2
0;259320927.072;13.274999999999999;3399.3524542068
1;241240902.50599998;13.090999999999998;50475.04194558521
2;259196834.34600002;12.163999999999998;7208.1697203614
