F0_min;F0_max;F1_min;F1_max;F2_min;F2_max;Indice solucion equilibrada: 
248068650.041;273877956.76199996;12.483999999999998;16.244999999999997;3871.8634409742003;278631.9333404812;1
