F0_min;F0_max;F1_min;F1_max;F2_min;F2_max;Indice solucion equilibrada: 
245163101.666;283302881.676;12.472999999999997;15.569999999999995;3183.9025355946005;259084.2359015422;1
