ID;F0;F1;F2
0;243004342.501;12.948999999999998;95144.3851003972
1;251943994.49199998;12.522999999999998;7450.9106437462
2;251827751.243;12.540999999999999;29074.318446991405
3;251827922.579;12.525999999999998;11856.182825474
4;262946274.436;14.978;3715.7181936426005
