F0_min;F0_max;F1_min;F1_max;F2_min;F2_max;Indice solucion equilibrada: 
246422557.834;278801874.125;12.366999999999997;16.005999999999997;3835.4106697958005;262229.7340648092;1
