F0_min;F0_max;F1_min;F1_max;F2_min;F2_max;Indice solucion equilibrada: 
248408944.308;276094868.82;12.516;16.118;3723.3854205266;244703.87692828823;2
