F0_min;F0_max;F1_min;F1_max;F2_min;F2_max;Indice solucion equilibrada: 
245357327.297;279503703.24300003;11.400999999999998;15.431999999999997;3785.7115055926;250666.26482612046;3
