F0_min;F0_max;F1_min;F1_max;F2_min;F2_max;Indice solucion equilibrada: 
243004342.501;279821560.945;12.463999999999999;15.372;3715.7181936426005;196694.25898173178;0
