ID;F0;F1;F2
0;0.21805592697581896;0.3444044502617802;0.011077948208353124
2;0.21806007244964695;0.3430955497382198;0.009900947645716354
4;0.2180644791608212;0.34358638743455494;0.008970227440857605
14;0.21805866280104344;0.34489528795811525;0.010311055644911138
39;0.21806276741698838;0.3430955497382198;0.009574568418652927
47;0.21806228272679717;0.34473167539267;0.009796573523097988
63;0.2180657527800522;0.34358638743455494;0.009234376873902028
81;0.2180711849930883;0.3404777486910994;0.00887423451837959
